{"loss": [1.3684790134429932, 1.260756254196167, 1.1803314685821533, 1.1589983701705933, 1.106579065322876], "accuracy": [0.375, 0.39375001192092896, 0.3499999940395355, 0.32499998807907104, 0.3812499940395355], "val_loss": [1.4103714227676392, 1.104950189590454, 1.1161160469055176, 1.1434874534606934, 1.124606966972351], "val_accuracy": [0.32499998807907104, 0.3499999940395355, 0.2750000059604645, 0.3499999940395355, 0.375]}