{
    "model_name": "mobilenet",
    "run_name": "mobilenet_exp_009",
    "parameters": {
        "learning_rate": 0.001,
        "dense_units": 128,
        "dropout_rate": 0.3,
        "batch_size": 32,
        "epochs": 10
    },
    "metrics": {
        "accuracy": 0.325,
        "precision": 0.10562500000000001,
        "recall": 0.325,
        "f1": 0.15943396226415094
    },
    "val_accuracy": 0.32499998807907104,
    "val_loss": 1.1208851337432861,
    "timestamp": "2025-12-03T15:23:12.048548",
    "git_hash": "N/A",
    "dvc_hash": "N/A"
}