{"loss": [1.4576665163040161, 1.3926905393600464, 1.2153905630111694, 1.156622052192688, 1.0590394735336304], "accuracy": [0.35624998807907104, 0.30000001192092896, 0.375, 0.4000000059604645, 0.44999998807907104], "val_loss": [1.5447909832000732, 1.2387030124664307, 1.2012220621109009, 1.1303880214691162, 1.1208851337432861], "val_accuracy": [0.3499999940395355, 0.32499998807907104, 0.3499999940395355, 0.2750000059604645, 0.32499998807907104]}