{"loss": [1.2551668882369995, 1.1445529460906982, 1.1182807683944702, 1.1376702785491943, 1.1387134790420532], "accuracy": [0.25, 0.35624998807907104, 0.375, 0.3499999940395355, 0.4000000059604645], "val_loss": [1.1068871021270752, 1.1442797183990479, 1.1110687255859375, 1.121253252029419, 1.1207575798034668], "val_accuracy": [0.3499999940395355, 0.32499998807907104, 0.3499999940395355, 0.32499998807907104, 0.32499998807907104]}