{
    "model_name": "efficientnet",
    "run_name": "efficientnet_exp_005",
    "parameters": {
        "learning_rate": 0.001,
        "dense_units": 256,
        "dropout_rate": 0.4,
        "batch_size": 16,
        "epochs": 10
    },
    "metrics": {
        "accuracy": 0.325,
        "precision": 0.10562500000000001,
        "recall": 0.325,
        "f1": 0.15943396226415094
    },
    "val_accuracy": 0.32499998807907104,
    "val_loss": 1.1207575798034668,
    "timestamp": "2025-12-03T15:16:21.608680",
    "git_hash": "N/A",
    "dvc_hash": "N/A"
}