{"loss": [1.2314789295196533, 1.1783078908920288, 1.1098871231079102, 1.1832963228225708, 1.1080642938613892], "accuracy": [0.35624998807907104, 0.33125001192092896, 0.4124999940395355, 0.36250001192092896, 0.39375001192092896], "val_loss": [1.1179640293121338, 1.187160849571228, 1.1594418287277222, 1.098013162612915, 1.178113341331482], "val_accuracy": [0.32499998807907104, 0.32499998807907104, 0.3499999940395355, 0.3499999940395355, 0.32499998807907104]}