{"loss": [1.4329580068588257, 1.21453857421875, 1.2390178442001343, 1.1540167331695557, 1.1101926565170288], "accuracy": [0.33125001192092896, 0.3812499940395355, 0.3187499940395355, 0.38749998807907104, 0.3187499940395355], "val_loss": [1.1056132316589355, 1.2371059656143188, 1.106271743774414, 1.1329158544540405, 1.0965896844863892], "val_accuracy": [0.32499998807907104, 0.32499998807907104, 0.3499999940395355, 0.3499999940395355, 0.375]}