{"loss": [1.3429285287857056, 1.2124030590057373, 1.1517413854599, 1.1097614765167236, 1.1273868083953857], "accuracy": [0.3375000059604645, 0.3187499940395355, 0.35624998807907104, 0.38749998807907104, 0.35624998807907104], "val_loss": [1.1599551439285278, 1.2155191898345947, 1.1017780303955078, 1.1186062097549438, 1.1239888668060303], "val_accuracy": [0.32499998807907104, 0.32499998807907104, 0.32499998807907104, 0.32499998807907104, 0.30000001192092896]}