{"loss": [1.5451174974441528, 1.4081315994262695, 1.4486045837402344, 1.0902762413024902, 1.1041109561920166], "accuracy": [0.3062500059604645, 0.3499999940395355, 0.3187499940395355, 0.375, 0.3812499940395355], "val_loss": [1.2412230968475342, 1.5125136375427246, 1.1497138738632202, 1.1505520343780518, 1.1636228561401367], "val_accuracy": [0.30000001192092896, 0.2750000059604645, 0.32499998807907104, 0.22499999403953552, 0.4000000059604645]}