{"loss": [1.4619346857070923, 1.2029660940170288, 1.1978137493133545, 1.169285535812378, 1.1607043743133545], "accuracy": [0.3187499940395355, 0.3375000059604645, 0.33125001192092896, 0.35624998807907104, 0.33125001192092896], "val_loss": [1.2772098779678345, 1.1709973812103271, 1.1363643407821655, 1.1651942729949951, 1.1544551849365234], "val_accuracy": [0.3499999940395355, 0.32499998807907104, 0.32499998807907104, 0.3499999940395355, 0.32499998807907104]}