{
    "model_name": "resnet50",
    "run_name": "resnet50_exp_004",
    "parameters": {
        "learning_rate": 0.001,
        "dense_units": 128,
        "dropout_rate": 0.3,
        "batch_size": 32,
        "epochs": 20
    },
    "metrics": {
        "accuracy": 0.325,
        "precision": 0.10562500000000001,
        "recall": 0.325,
        "f1": 0.15943396226415094
    },
    "val_accuracy": 0.32499998807907104,
    "val_loss": 1.1544551849365234,
    "timestamp": "2025-12-03T15:14:16.648721",
    "git_hash": "N/A",
    "dvc_hash": "N/A"
}