{
    "model_name": "efficientnet",
    "run_name": "efficientnet_exp_007",
    "parameters": {
        "learning_rate": 0.001,
        "dense_units": 256,
        "dropout_rate": 0.4,
        "batch_size": 32,
        "epochs": 10
    },
    "metrics": {
        "accuracy": 0.35,
        "precision": 0.12249999999999998,
        "recall": 0.35,
        "f1": 0.18148148148148147
    },
    "val_accuracy": 0.3499999940395355,
    "val_loss": 1.1233996152877808,
    "timestamp": "2025-12-03T15:19:58.504466",
    "git_hash": "N/A",
    "dvc_hash": "N/A"
}