{"loss": [1.2523815631866455, 1.1472837924957275, 1.0849024057388306, 1.1222503185272217, 1.1456410884857178], "accuracy": [0.33125001192092896, 0.33125001192092896, 0.4312500059604645, 0.42500001192092896, 0.3375000059604645], "val_loss": [1.1315367221832275, 1.122789740562439, 1.1728880405426025, 1.105525255203247, 1.1233996152877808], "val_accuracy": [0.32499998807907104, 0.3499999940395355, 0.32499998807907104, 0.32499998807907104, 0.3499999940395355]}