{"loss": [1.205956220626831, 1.1334842443466187, 1.147222638130188, 1.1536258459091187, 1.1286863088607788], "accuracy": [0.30000001192092896, 0.38749998807907104, 0.3812499940395355, 0.4124999940395355, 0.375], "val_loss": [1.1063801050186157, 1.1200677156448364, 1.176849365234375, 1.1102275848388672, 1.1201555728912354], "val_accuracy": [0.3499999940395355, 0.3499999940395355, 0.32499998807907104, 0.32499998807907104, 0.3499999940395355]}